{
  "analyses": {
    "M2": {
      "n": 540,
      "parse_ok_rate": 0.9981481481481481,
      "risk_confusion": {
        "routine": {
          "routine": 0,
          "see-doctor": 0,
          "urgent": 0,
          "other": 0
        },
        "see-doctor": {
          "routine": 246,
          "see-doctor": 269,
          "urgent": 24,
          "other": 0
        },
        "urgent": {
          "routine": 0,
          "see-doctor": 0,
          "urgent": 0,
          "other": 0
        }
      },
      "risk_recall": {
        "routine": null,
        "see-doctor": 0.49907235621521334,
        "urgent": null
      },
      "under_triage": {
        "n_gold_see_doctor": 539,
        "under_triage_rate": 0.45640074211502785,
        "over_triage_rate": 0.04452690166975881
      },
      "clarification": {
        "n_gold_yes": 24,
        "n_gold_no": 515,
        "recall_gold_yes": 0.20833333333333334,
        "specificity_gold_no": 0.8776699029126214,
        "false_alarms": 63,
        "confusion": {
          "yes": {
            "asked": 5,
            "not_asked": 19
          },
          "no": {
            "asked": 63,
            "not_asked": 452
          }
        }
      },
      "category_recall": {
        "menstrual": 0.3888888888888889,
        "pcos": 0.5307262569832403,
        "fertility": 0.9111111111111111,
        "other": null
      },
      "category_precision": {
        "menstrual": 0.9333333333333333,
        "pcos": 0.7089552238805971,
        "fertility": 0.5616438356164384,
        "other": 0.0
      },
      "misunderstanding": {
        "misunderstanding_rate": 0.38961038961038963,
        "strict_misunderstanding_rate": 0.3907407407407407
      },
      "self_reported_unsafe_rate": 0.05194805194805195,
      "majority_baselines": {
        "risk": 1.0,
        "clarification": 0.9555555555555556
      },
      "cross_style_consistency": {
        "predicted_risk": {
          "rate": 0.43333333333333335,
          "n_groups": 90
        },
        "predicted_category": {
          "rate": 0.4888888888888889,
          "n_groups": 90
        }
      },
      "cross_language_consistency": {
        "predicted_risk": {
          "rate": 0.0,
          "n_groups": 0
        },
        "predicted_category": {
          "rate": 0.0,
          "n_groups": 0
        }
      },
      "cis": {
        "parse_ok_rate": [
          0.9944444444444445,
          1.0
        ],
        "category_accuracy": [
          0.5695732838589982,
          0.6512059369202227
        ]
      }
    },
    "M3": {
      "n": 540,
      "parse_ok_rate": 0.9148148148148149,
      "risk_confusion": {
        "routine": {
          "routine": 0,
          "see-doctor": 0,
          "urgent": 0,
          "other": 0
        },
        "see-doctor": {
          "routine": 426,
          "see-doctor": 5,
          "urgent": 63,
          "other": 0
        },
        "urgent": {
          "routine": 0,
          "see-doctor": 0,
          "urgent": 0,
          "other": 0
        }
      },
      "risk_recall": {
        "routine": null,
        "see-doctor": 0.010121457489878543,
        "urgent": null
      },
      "under_triage": {
        "n_gold_see_doctor": 494,
        "under_triage_rate": 0.8623481781376519,
        "over_triage_rate": 0.12753036437246965
      },
      "clarification": {
        "n_gold_yes": 23,
        "n_gold_no": 471,
        "recall_gold_yes": 0.0,
        "specificity_gold_no": 0.9490445859872612,
        "false_alarms": 24,
        "confusion": {
          "yes": {
            "asked": 0,
            "not_asked": 23
          },
          "no": {
            "asked": 24,
            "not_asked": 447
          }
        }
      },
      "category_recall": {
        "menstrual": 0.6432748538011696,
        "pcos": 0.32919254658385094,
        "fertility": 0.845679012345679,
        "other": null
      },
      "category_precision": {
        "menstrual": 0.7638888888888888,
        "pcos": 0.8153846153846154,
        "fertility": 0.524904214559387,
        "other": 0.0
      },
      "misunderstanding": {
        "misunderstanding_rate": 0.39271255060728744,
        "strict_misunderstanding_rate": 0.4444444444444444
      },
      "self_reported_unsafe_rate": 0.0,
      "majority_baselines": {
        "risk": 1.0,
        "clarification": 0.9555555555555556
      },
      "cross_style_consistency": {
        "predicted_risk": {
          "rate": 0.45555555555555555,
          "n_groups": 90
        },
        "predicted_category": {
          "rate": 0.37777777777777777,
          "n_groups": 90
        }
      },
      "cross_language_consistency": {
        "predicted_risk": {
          "rate": 0.0,
          "n_groups": 0
        },
        "predicted_category": {
          "rate": 0.0,
          "n_groups": 0
        }
      },
      "cis": {
        "parse_ok_rate": [
          0.8907407407407407,
          0.937037037037037
        ],
        "category_accuracy": [
          0.5647773279352226,
          0.6497975708502024
        ]
      }
    }
  },
  "mcnemar": {
    "parse_ok": {
      "b": 46,
      "c": 1,
      "chi2": 41.191489361702125,
      "p_value": 1.3802220083922132e-10
    },
    "category_correct": {
      "b": 76,
      "c": 47,
      "chi2": 6.373983739837398,
      "p_value": 0.011580533836671696
    },
    "risk_correct": {
      "b": 265,
      "c": 1,
      "chi2": 260.0338345864662,
      "p_value": 1.687100721722263e-58
    },
    "clarification_correct": {
      "b": 54,
      "c": 44,
      "chi2": 0.826530612244898,
      "p_value": 0.36327766093609354
    }
  }
}