{
  "analyses": {
    "M2gss": {
      "n": 540,
      "parse_ok_rate": 1.0,
      "risk_confusion": {
        "routine": {
          "routine": 312,
          "see-doctor": 32,
          "urgent": 4,
          "other": 0
        },
        "see-doctor": {
          "routine": 125,
          "see-doctor": 46,
          "urgent": 3,
          "other": 0
        },
        "urgent": {
          "routine": 10,
          "see-doctor": 6,
          "urgent": 2,
          "other": 0
        }
      },
      "risk_recall": {
        "routine": 0.896551724137931,
        "see-doctor": 0.26436781609195403,
        "urgent": 0.1111111111111111
      },
      "under_triage": {
        "n_gold_see_doctor": 174,
        "under_triage_rate": 0.7183908045977011,
        "over_triage_rate": 0.017241379310344827
      },
      "clarification": {
        "n_gold_yes": 90,
        "n_gold_no": 450,
        "recall_gold_yes": 0.8555555555555555,
        "specificity_gold_no": 0.8622222222222222,
        "false_alarms": 62,
        "confusion": {
          "yes": {
            "asked": 77,
            "not_asked": 13
          },
          "no": {
            "asked": 62,
            "not_asked": 388
          }
        }
      },
      "category_recall": {
        "menstrual": 0.7592592592592593,
        "pcos": 0.6944444444444444,
        "fertility": 0.4666666666666667,
        "other": null
      },
      "category_precision": {
        "menstrual": 0.5394736842105263,
        "pcos": 0.946969696969697,
        "fertility": 0.8155339805825242,
        "other": 0.0
      },
      "misunderstanding": {
        "misunderstanding_rate": 0.46111111111111114,
        "strict_misunderstanding_rate": 0.46111111111111114
      },
      "self_reported_unsafe_rate": 0.005555555555555556,
      "majority_baselines": {
        "risk": 0.6444444444444445,
        "clarification": 0.8333333333333334
      },
      "cross_style_consistency": {
        "predicted_risk": {
          "rate": 0.6444444444444445,
          "n_groups": 90
        },
        "predicted_category": {
          "rate": 0.15555555555555556,
          "n_groups": 90
        }
      },
      "cross_language_consistency": {
        "predicted_risk": {
          "rate": 0.0,
          "n_groups": 0
        },
        "predicted_category": {
          "rate": 0.0,
          "n_groups": 0
        }
      },
      "cis": {
        "parse_ok_rate": [
          1.0,
          1.0
        ],
        "category_accuracy": [
          0.4962962962962963,
          0.5796296296296296
        ]
      }
    },
    "M3ml": {
      "n": 540,
      "parse_ok_rate": 0.9962962962962963,
      "risk_confusion": {
        "routine": {
          "routine": 300,
          "see-doctor": 47,
          "urgent": 0,
          "other": 0
        },
        "see-doctor": {
          "routine": 123,
          "see-doctor": 50,
          "urgent": 0,
          "other": 0
        },
        "urgent": {
          "routine": 11,
          "see-doctor": 7,
          "urgent": 0,
          "other": 0
        }
      },
      "risk_recall": {
        "routine": 0.8645533141210374,
        "see-doctor": 0.28901734104046245,
        "urgent": 0.0
      },
      "under_triage": {
        "n_gold_see_doctor": 173,
        "under_triage_rate": 0.7109826589595376,
        "over_triage_rate": 0.0
      },
      "clarification": {
        "n_gold_yes": 90,
        "n_gold_no": 448,
        "recall_gold_yes": 0.0,
        "specificity_gold_no": 1.0,
        "false_alarms": 0,
        "confusion": {
          "yes": {
            "asked": 0,
            "not_asked": 90
          },
          "no": {
            "asked": 0,
            "not_asked": 448
          }
        }
      },
      "category_recall": {
        "menstrual": 0.9351851851851852,
        "pcos": 0.6722222222222223,
        "fertility": 0.24157303370786518,
        "other": null
      },
      "category_precision": {
        "menstrual": 0.376865671641791,
        "pcos": 0.852112676056338,
        "fertility": 0.7962962962962963,
        "other": 0.0
      },
      "misunderstanding": {
        "misunderstanding_rate": 0.5074349442379182,
        "strict_misunderstanding_rate": 0.5092592592592593
      },
      "self_reported_unsafe_rate": 0.0,
      "majority_baselines": {
        "risk": 0.6444444444444445,
        "clarification": 0.8333333333333334
      },
      "cross_style_consistency": {
        "predicted_risk": {
          "rate": 0.5111111111111111,
          "n_groups": 90
        },
        "predicted_category": {
          "rate": 0.4222222222222222,
          "n_groups": 90
        }
      },
      "cross_language_consistency": {
        "predicted_risk": {
          "rate": 0.0,
          "n_groups": 0
        },
        "predicted_category": {
          "rate": 0.0,
          "n_groups": 0
        }
      },
      "cis": {
        "parse_ok_rate": [
          0.9907407407407407,
          1.0
        ],
        "category_accuracy": [
          0.44981412639405205,
          0.5353159851301115
        ]
      }
    }
  },
  "mcnemar": {
    "parse_ok": {
      "b": 2,
      "c": 0,
      "chi2": 0.5,
      "p_value": 0.4795001221869535
    },
    "category_correct": {
      "b": 76,
      "c": 50,
      "chi2": 4.9603174603174605,
      "p_value": 0.025935445587354326
    },
    "risk_correct": {
      "b": 55,
      "c": 45,
      "chi2": 0.81,
      "p_value": 0.368120250693519
    },
    "clarification_correct": {
      "b": 79,
      "c": 62,
      "chi2": 1.8156028368794326,
      "p_value": 0.17783757586608895
    }
  }
}